EMA,Date,Date2,CAT_temp_med,CAT_temp_max,CAT_temp_max_time,CAT_temp_min,CAT_temp_min_time,CAT_relHum_med,CAT_relHum_max,CAT_relHum_max_time,CAT_relHum_min,CAT_relHum_min_time,PM,PX,Data Extrem PX,PN,Data Extrem PN,PPT,VVM10,DVM10,VVX10,Data Extrem VVX10,DVVX10
UU,2023-01-04,2023-04-01,16.6,22.9,14:09:00,10.6,20:39:00,50,82,18:53:00,24,14:19:00,1017,1019.5,2023-04-01 09:28:00,1013.1,2023-04-01 17:08:00,2.2,5.6,292,23,2023-04-01 18:47:00,334
UU,2023-02-04,2023-04-02,15.3,20.5,14:23:00,11.1,4:34:00,45,57,4:34:00,33,14:00:00,1017.2,1019.4,2023-04-02 23:58:00,1015.2,2023-04-02 01:54:00,0,8.5,302,20.3,2023-04-02 17:35:00,294
UU,2023-03-04,2023-04-03,14.9,22,14:05:00,10.8,23:30:00,47,82,23:49:00,23,13:44:00,1015.6,1019.5,2023-04-03 00:15:00,1012.6,2023-04-03 17:53:00,0,4.7,306,12.7,2023-04-03 08:58:00,320
UU,2023-04-04,2023-04-04,13.3,20.4,11:44:00,6.1,5:27:00,65,96,4:38:00,27,11:48:00,1014.8,1019.1,2023-04-04 23:33:00,1012.6,2023-04-04 04:00:00,0,2.8,314,8.8,2023-04-04 12:51:00,151
UU,05/04/2023,2023-04-05,13.4,19.3,11:04:00,7.3,5:47:00,67,97,3:39:00,22,11:07:00,1018.3,1019.7,2023-04-05 09:21:00,1016.4,2023-04-05 17:03:00,0,4.2,231,11.3,2023-04-05 17:05:00,186
UU,06/04/2023,2023-04-06,13.4,19.1,13:41:00,8.5,5:23:00,77,100,23:30:00,33,14:23:00,1019.3,1020.6,2023-04-06 09:08:00,1018.4,2023-04-06 16:07:00,0,3.7,224,11.2,2023-04-06 14:27:00,195
UU,07/04/2023,2023-04-07,13.7,19.7,13:34:00,7.3,6:00:00,74,100,6:30:00,40,14:49:00,1016.7,1019.5,2023-04-07 00:00:00,1014.3,2023-04-07 17:38:00,0.1,4.8,222,13.2,2023-04-07 14:36:00,174
UU,08/04/2023,2023-04-08,13.7,19,12:08:00,8.3,23:59:00,79,100,23:30:00,54,13:09:00,1017.7,1020.3,2023-04-08 23:52:00,1015.1,2023-04-08 02:30:00,0,2.7,34,9.1,2023-04-08 13:37:00,58
UU,09/04/2023,2023-04-09,13.9,19.3,12:52:00,7.7,0:37:00,83,100,23:32:00,61,14:49:00,1020.2,1021.7,2023-04-09 22:04:00,1018.7,2023-04-09 16:30:00,0,3,185,9.7,2023-04-09 14:20:00,149
UU,2023-10-04,2023-04-10,16.3,21,14:32:00,12,2:25:00,82,100,3:30:00,57,13:27:00,1021.4,1023.3,2023-04-10 23:55:00,1020.2,2023-04-10 03:15:00,0,2.4,173,8.4,2023-04-10 15:21:00,166
UU,2023-11-04,2023-04-11,16.1,20.6,13:21:00,11.5,23:13:00,83,100,23:38:00,58,13:21:00,1019.9,1023.2,2023-04-11 07:00:00,1014.4,2023-04-11 23:57:00,0,3.4,184,10.2,2023-04-11 13:04:00,167
UU,2023-12-04,2023-04-12,17.6,26.2,16:05:00,10.9,0:51:00,66,100,7:00:00,23,16:07:00,1010.4,1014.5,2023-04-12 00:06:00,1007.1,2023-04-12 15:49:00,0,4.5,273,17.5,2023-04-12 20:38:00,293
UU,13/04/2023,2023-04-13,16.1,21,15:48:00,12.2,5:53:00,33,46,5:53:00,17,15:19:00,1014.3,1016.7,2023-04-13 22:20:00,1011.3,2023-04-13 00:51:00,0,5.6,306,17.4,2023-04-13 04:23:00,328
UU,14/04/2023,2023-04-14,17.2,22.8,15:58:00,11.9,4:18:00,44,66,20:00:00,28,15:00:00,1013.5,1016.5,2023-04-14 00:30:00,1010.2,2023-04-14 16:18:00,0,4.8,219,15.7,2023-04-14 22:39:00,324
UU,15/04/2023,2023-04-15,19,24,14:47:00,15,23:59:00,37,48,23:47:00,27,15:01:00,1014.5,1018.8,2023-04-15 23:56:00,1012.9,2023-04-15 15:50:00,0,7.9,306,21.8,2023-04-15 21:23:00,313
UU,16/04/2023,2023-04-16,16.1,24.2,13:34:00,9.8,22:13:00,42,79,23:53:00,13,13:34:00,1017.6,1020,2023-04-16 07:09:00,1015.4,2023-04-16 19:31:00,0,5.5,286,15.5,2023-04-16 00:06:00,309
UU,17/04/2023,2023-04-17,14.9,20.9,11:34:00,7,5:15:00,66,100,23:52:00,31,10:43:00,1015.4,1016.6,2023-04-17 08:53:00,1014.2,2023-04-17 18:00:00,0,3.3,188,10.8,2023-04-17 13:57:00,170
UU,18/04/2023,2023-04-18,14.9,18.9,15:16:00,11.4,5:52:00,82,100,23:37:00,46,15:11:00,1015,1016.6,2023-04-18 22:42:00,1014.1,2023-04-18 17:06:00,3.8,3.2,196,10.1,2023-04-18 12:05:00,145
UU,19/04/2023,2023-04-19,15.4,20.3,13:47:00,10.6,0:54:00,75,100,6:03:00,41,16:02:00,1014.9,1016.5,2023-04-19 09:18:00,1013.1,2023-04-19 23:59:00,0,2.9,111,8.7,2023-04-19 15:15:00,155
UU,20/04/2023,2023-04-20,15.6,21.4,13:40:00,8.9,5:33:00,75,100,23:30:00,42,12:04:00,1009.1,1013.1,2023-04-20 00:00:00,1006.1,2023-04-20 16:45:00,0,4.5,187,12.6,2023-04-20 15:19:00,173
UU,21/04/2023,2023-04-21,17,21.6,13:58:00,13.8,0:35:00,86,100,23:32:00,62,14:02:00,1008.2,1010.6,2023-04-21 23:48:00,1006.8,2023-04-21 03:53:00,0,3.9,61,11.6,2023-04-21 16:47:00,150
UU,22/04/2023,2023-04-22,16.9,20.7,11:42:00,13.7,22:03:00,86,100,23:31:00,61,13:30:00,1011.4,1012.7,2023-04-22 23:00:00,1010.5,2023-04-22 05:09:00,0.6,3.1,162,9,2023-04-22 14:05:00,142
UU,23/04/2023,2023-04-23,18,22.3,16:14:00,13.9,4:17:00,79,100,7:30:00,43,22:47:00,1012.9,1014.7,2023-04-23 23:58:00,1011,2023-04-23 17:27:00,0,4.3,195,11.5,2023-04-23 14:32:00,180
UU,24/04/2023,2023-04-24,19.6,24.9,11:00:00,14.9,4:55:00,60,100,2:00:00,35,10:58:00,1015,1016.8,2023-04-24 09:32:00,1013.4,2023-04-24 16:48:00,0,4.7,209,11.8,2023-04-24 17:26:00,187
UU,25/04/2023,2023-04-25,19.9,28.8,11:39:00,13.9,4:23:00,67,100,23:30:00,31,11:40:00,1013.5,1015.7,2023-04-25 23:12:00,1011.1,2023-04-25 16:34:00,0,4.3,198,12.2,2023-04-25 14:45:00,181
UU,26/04/2023,2023-04-26,18.7,22.9,12:55:00,14.9,5:38:00,81,100,23:30:00,56,14:01:00,1016.2,1017.5,2023-04-26 09:50:00,1015.2,2023-04-26 16:01:00,0,2.9,100,9.1,2023-04-26 14:02:00,145
UU,27/04/2023,2023-04-27,19.1,23.9,13:31:00,16.2,2:00:00,83,100,23:30:00,59,13:31:00,1016.5,1017.6,2023-04-27 23:44:00,1015,2023-04-27 17:47:00,0,2.8,82,7.3,2023-04-27 16:53:00,147
UU,28/04/2023,2023-04-28,19.4,23.7,12:23:00,16.2,22:43:00,79,100,6:30:00,56,16:44:00,1016.5,1018.2,2023-04-28 10:19:00,1013.7,2023-04-28 23:55:00,0,3.2,102,8.4,2023-04-28 13:51:00,133
UU,29/04/2023,2023-04-29,19.4,25.5,10:14:00,15.5,4:40:00,81,100,23:30:00,44,10:40:00,1013.3,1015.8,2023-04-29 22:02:00,1011.3,2023-04-29 04:08:00,2.5,2.3,45,8.2,2023-04-29 12:09:00,69
UU,30/04/2023,2023-04-30,21,27.2,13:01:00,17.5,0:08:00,62,100,1:00:00,33,13:04:00,1014.9,1016.7,2023-04-30 23:31:00,1013.5,2023-04-30 15:19:00,0,4.3,276,17.7,2023-04-30 13:33:00,173
UU,01/05/2023,2023-05-01,20.4,26.2,12:58:00,15.1,23:59:00,55,100,23:56:00,20,18:53:00,1016.1,1017.9,2023-05-01 22:44:00,1014.2,2023-05-01 16:42:00,0,3.7,291,13.2,2023-05-01 14:53:00,176
UU,02/05/2023,2023-05-02,19.4,24,9:10:00,13.9,1:49:00,61,100,23:30:00,18,9:07:00,1017.4,1018.9,2023-05-02 22:37:00,1016.3,2023-05-02 18:00:00,0,3.6,155,9.3,2023-05-02 12:05:00,117
UU,03/05/2023,2023-05-03,18.8,23.2,11:22:00,13.9,4:43:00,75,100,4:02:00,47,11:52:00,1017.5,1018.5,2023-05-03 23:52:00,1016.3,2023-05-03 15:46:00,0,5.1,175,13.2,2023-05-03 12:44:00,170
UU,04/05/2023,2023-05-04,19,22.4,13:04:00,15.1,5:00:00,84,100,23:30:00,67,11:23:00,1018.9,1019.9,2023-05-04 10:44:00,1017.7,2023-05-04 16:49:00,0,3.2,137,9.9,2023-05-04 12:53:00,157
UU,05/05/2023,2023-05-05,19.1,22.5,14:28:00,15.1,6:15:00,87,100,23:30:00,65,9:14:00,1017.8,1019.6,2023-05-05 07:30:00,1015.9,2023-05-05 17:42:00,0,2.9,164,8.9,2023-05-05 13:56:00,154
UU,06/05/2023,2023-05-06,19.9,22.7,14:36:00,15.9,3:32:00,80,100,23:16:00,53,18:29:00,1015.1,1016.9,2023-05-06 00:00:00,1013.3,2023-05-06 17:18:00,0,2.5,107,10.6,2023-05-06 13:20:00,154
UU,07/05/2023,2023-05-07,19.9,23.8,12:29:00,16.1,4:54:00,77,100,3:00:00,49,12:10:00,1018.3,1021.9,2023-05-07 22:30:00,1014.8,2023-05-07 00:16:00,0,2.9,75,9.8,2023-05-07 12:41:00,114
UU,08/05/2023,2023-05-08,20.1,27.1,11:17:00,15.4,4:37:00,69,100,4:00:00,22,11:17:00,1020,1021.5,2023-05-08 00:00:00,1018.1,2023-05-08 16:03:00,0,4.1,254,12.7,2023-05-08 15:13:00,181
UU,09/05/2023,2023-05-09,20.6,26.1,16:09:00,16,4:40:00,71,100,2:30:00,40,18:00:00,1017.6,1020,2023-05-09 00:16:00,1015,2023-05-09 15:30:00,0,3.9,276,13.5,2023-05-09 16:32:00,302
UU,10/05/2023,2023-05-10,20.2,24.4,15:26:00,17.3,5:11:00,38,56,18:38:00,23,14:13:00,1017.8,1019.1,2023-05-10 06:31:00,1016,2023-05-10 15:56:00,0,5.4,298,15.9,2023-05-10 08:55:00,311
UU,11/05/2023,2023-05-11,18.8,22.9,13:44:00,15.6,4:54:00,40,60,14:20:00,27,17:27:00,1016,1018.4,2023-05-11 00:27:00,1013.6,2023-05-11 16:15:00,0,5.1,297,14.3,2023-05-11 02:27:00,301
UU,12/05/2023,2023-05-12,16.7,23.1,14:07:00,11.6,19:30:00,58,100,20:00:00,28,13:43:00,1014.6,1016.7,2023-05-12 20:46:00,1011.9,2023-05-12 13:53:00,2.5,4.1,306,13.6,2023-05-12 01:36:00,306
UU,13/05/2023,2023-05-13,17,22.3,11:57:00,12.5,0:54:00,58,98,0:43:00,31,15:45:00,1016.5,1018.1,2023-05-13 21:04:00,1015.3,2023-05-13 17:39:00,1.4,3.1,311,10.7,2023-05-13 11:17:00,328
UU,14/05/2023,2023-05-14,18.7,22.8,11:09:00,14.5,0:19:00,54,84,0:01:00,36,11:05:00,1015.7,1016.9,2023-05-14 00:00:00,1013.9,2023-05-14 15:49:00,0.2,5,284,14.9,2023-05-14 21:27:00,314
UU,15/05/2023,2023-05-15,19.9,25.5,14:07:00,15.3,4:13:00,45,62,16:04:00,26,13:58:00,1013.4,1016.1,2023-05-15 00:19:00,1011.1,2023-05-15 17:03:00,0,5.6,303,16.4,2023-05-15 22:24:00,311
UU,16/05/2023,2023-05-16,19.2,24.9,14:47:00,15,5:00:00,42,54,6:01:00,27,13:56:00,1012.2,1015,2023-05-16 23:13:00,1010.3,2023-05-16 16:30:00,0,6.2,304,15.1,2023-05-16 04:50:00,286
UU,17/05/2023,2023-05-17,17.8,24.3,12:16:00,13.6,4:45:00,50,89,21:14:00,19,11:34:00,1014.7,1017.5,2023-05-17 23:33:00,1012.3,2023-05-17 17:34:00,0,5.3,330,12.4,2023-05-17 03:58:00,327
UU,18/05/2023,2023-05-18,17.4,23,11:12:00,13.3,21:15:00,64,100,21:33:00,31,11:09:00,1016.9,1019.1,2023-05-18 23:13:00,1015.1,2023-05-18 16:00:00,8.5,4.6,229,12.7,2023-05-18 16:52:00,167
UU,19/05/2023,2023-05-19,17.3,23.6,12:11:00,13.6,4:31:00,66,97,0:28:00,31,12:11:00,1016,1018.7,2023-05-19 00:01:00,1013.8,2023-05-19 15:00:00,1.5,2.8,312,10.3,2023-05-19 15:59:00,95
UU,20/05/2023,2023-05-20,18,24.4,13:02:00,14.1,6:35:00,57,88,0:09:00,31,13:04:00,1012.9,1015.8,2023-05-20 00:01:00,1010.6,2023-05-20 17:32:00,0,3.9,256,11.5,2023-05-20 16:02:00,181
UU,21/05/2023,2023-05-21,18.2,22.5,11:30:00,13.2,3:39:00,67,97,3:30:00,35,9:01:00,1012.2,1013.5,2023-05-21 22:10:00,1011.6,2023-05-21 13:00:00,0,2.6,167,10.4,2023-05-21 12:50:00,146
UU,22/05/2023,2023-05-22,18.2,20.8,13:28:00,15.8,0:13:00,78,100,5:30:00,60,12:32:00,1013.2,1014.7,2023-05-22 23:20:00,1012.2,2023-05-22 18:04:00,0.5,1.8,355,7.6,2023-05-22 09:17:00,19
UU,23/05/2023,2023-05-23,19.6,23.8,13:21:00,15.5,4:06:00,75,100,22:34:00,54,12:11:00,1013.6,1014.8,2023-05-23 22:48:00,1012.8,2023-05-23 18:19:00,0,2.9,25,9.4,2023-05-23 13:28:00,82
UU,24/05/2023,2023-05-24,20.7,24.9,12:12:00,15.8,5:03:00,70,99,1:30:00,47,8:45:00,1014.2,1015.1,2023-05-24 21:36:00,1013.6,2023-05-24 03:44:00,0,2.3,261,8.4,2023-05-24 13:00:00,131
UU,25/05/2023,2023-05-25,17.9,19.7,2:45:00,16.2,23:35:00,85,100,23:30:00,60,5:40:00,1016.1,1018.8,2023-05-25 21:16:00,1013.6,2023-05-25 04:35:00,13.1,3.6,10,10,2023-05-25 18:31:00,91
UU,26/05/2023,2023-05-26,18.7,21.4,15:30:00,15.7,1:38:00,89,100,23:30:00,74,15:41:00,1019.6,1021.1,2023-05-26 11:07:00,1017.8,2023-05-26 03:32:00,1.5,3.5,71,10.4,2023-05-26 06:41:00,45
UU,27/05/2023,2023-05-27,20.2,24.3,14:03:00,15.2,4:43:00,78,100,7:00:00,54,14:04:00,1017,1019.5,2023-05-27 00:00:00,1014.6,2023-05-27 17:52:00,0,3.1,197,6.6,2023-05-27 14:09:00,153
UU,28/05/2023,2023-05-28,19.1,21.2,14:09:00,17.2,4:39:00,86,100,23:30:00,64,10:02:00,1013.6,1015.3,2023-05-28 00:17:00,1011.8,2023-05-28 17:30:00,0,2.7,221,8.7,2023-05-28 16:15:00,182
UU,29/05/2023,2023-05-29,19.8,23.5,12:16:00,15.5,4:04:00,87,100,23:30:00,64,11:25:00,1012.9,1015,2023-05-29 23:24:00,1011.5,2023-05-29 03:30:00,0,3.1,169,8.3,2023-05-29 13:38:00,135
UU,30/05/2023,2023-05-30,20.7,23.8,12:55:00,17.7,2:43:00,83,100,23:00:00,58,13:49:00,1014.9,1016.3,2023-05-30 10:00:00,1014,2023-05-30 17:01:00,0,2.6,118,9,2023-05-30 16:05:00,175
UU,31/05/2023,2023-05-31,21.4,26,11:15:00,17.2,5:34:00,78,100,4:30:00,48,13:17:00,1014.3,1015.4,2023-05-31 22:47:00,1013.4,2023-05-31 13:17:00,0,2.5,20,9.4,2023-05-31 14:08:00,77
UU,01/06/2023,2023-06-01,20.3,23.6,14:58:00,17.7,3:55:00,84,100,23:30:00,60,12:08:00,1014.6,1015.7,2023-06-01 10:06:00,1013.3,2023-06-01 17:02:00,0.1,2,34,7.3,2023-06-01 11:16:00,72
UU,02/06/2023,2023-06-02,20.4,23.8,11:30:00,16.2,5:11:00,86,100,23:30:00,67,12:26:00,1013.5,1014.6,2023-06-02 08:01:00,1011.8,2023-06-02 16:16:00,0,2.9,179,8.4,2023-06-02 16:17:00,186
UU,03/06/2023,2023-06-03,20.3,23.3,14:12:00,16.5,5:00:00,88,100,23:30:00,69,13:17:00,1013.8,1014.9,2023-06-03 09:36:00,1012.8,2023-06-03 03:37:00,0,2.5,148,8,2023-06-03 13:50:00,138
UU,04/06/2023,2023-06-04,21,24.9,15:15:00,16.4,3:33:00,84,100,7:00:00,55,15:09:00,1014.7,1016.2,2023-06-04 22:26:00,1013.7,2023-06-04 15:49:00,14.9,3,175,8.4,2023-06-04 16:32:00,173
UU,05/06/2023,2023-06-05,21.3,24.3,13:44:00,17.2,5:03:00,87,100,23:30:00,69,10:28:00,1015,1015.9,2023-06-05 09:09:00,1013.4,2023-06-05 17:00:00,0,3.5,173,10.2,2023-06-05 15:42:00,179
UU,06/06/2023,2023-06-06,21.5,24.3,11:32:00,18,4:42:00,87,100,23:33:00,69,10:37:00,1015,1015.8,2023-06-06 21:53:00,1013.7,2023-06-06 17:35:00,0,3.9,187,10.2,2023-06-06 15:00:00,187
UU,07/06/2023,2023-06-07,21.3,23.2,12:04:00,18.9,5:13:00,87,100,6:00:00,73,11:38:00,1014.5,1015.5,2023-06-07 00:00:00,1013.7,2023-06-07 23:58:00,0,3.4,176,8.8,2023-06-07 16:30:00,183
UU,08/06/2023,2023-06-08,21.8,24.7,13:12:00,17.7,5:08:00,82,100,23:42:00,59,15:41:00,1011.8,1013.7,2023-06-08 00:00:00,1010,2023-06-08 23:12:00,0.1,2.8,145,7.6,2023-06-08 12:00:00,154
UU,09/06/2023,2023-06-09,23.2,26.5,14:38:00,20.5,4:37:00,83,100,23:30:00,57,13:26:00,1009.6,1011.4,2023-06-09 23:10:00,1008.4,2023-06-09 17:05:00,0,4,172,10.5,2023-06-09 16:20:00,168
UU,10/06/2023,2023-06-10,23.7,27.5,15:47:00,19.6,4:30:00,86,100,23:30:00,52,14:41:00,1012.1,1014.1,2023-06-10 22:43:00,1010.7,2023-06-10 02:55:00,0,2.6,104,7.2,2023-06-10 15:57:00,149
UU,11/06/2023,2023-06-11,23.1,26.4,11:31:00,19.5,23:56:00,88,100,23:50:00,70,11:39:00,1013.5,1014.5,2023-06-11 21:00:00,1012.1,2023-06-11 16:55:00,0.8,2.1,12,7.4,2023-06-11 11:59:00,145
UU,12/06/2023,2023-06-12,22.5,26.6,9:12:00,17.8,4:40:00,77,100,4:31:00,49,14:57:00,1011.6,1013.5,2023-06-12 07:30:00,1007.8,2023-06-12 22:23:00,0.6,3.2,242,7.8,2023-06-12 16:17:00,163
UU,13/06/2023,2023-06-13,21.7,25.6,11:46:00,17.9,19:55:00,78,100,21:00:00,54,8:57:00,1008.3,1010.2,2023-06-13 03:42:00,1006.5,2023-06-13 16:53:00,6.4,3.7,240,12.6,2023-06-13 03:31:00,262
UU,14/06/2023,2023-06-14,23.4,28.9,12:00:00,20.7,3:44:00,69,100,23:30:00,41,11:56:00,1011.5,1015.2,2023-06-14 23:59:00,1008.6,2023-06-14 02:46:00,0,4.6,244,12.4,2023-06-14 17:01:00,181
UU,15/06/2023,2023-06-15,24.2,29,10:01:00,19.1,3:49:00,69,100,23:30:00,38,9:53:00,1016.3,1017.6,2023-06-15 23:04:00,1014.8,2023-06-15 00:53:00,0,3.2,125,9.6,2023-06-15 15:40:00,170
UU,16/06/2023,2023-06-16,23.7,27,12:27:00,19.5,5:08:00,87,100,23:30:00,67,12:31:00,1016.5,1018.1,2023-06-16 08:31:00,1014.8,2023-06-16 19:03:00,0,3.4,148,9.2,2023-06-16 16:26:00,164
UU,17/06/2023,2023-06-17,24.2,27.8,13:32:00,21.1,4:38:00,86,100,23:30:00,58,15:09:00,1014.1,1015.3,2023-06-17 08:02:00,1012.3,2023-06-17 16:09:00,0,3,87,11.2,2023-06-17 15:11:00,175
UU,18/06/2023,2023-06-18,23.7,26.9,15:11:00,20.7,4:31:00,80,100,5:00:00,52,17:29:00,1013.3,1015.2,2023-06-18 08:00:00,1012,2023-06-18 19:30:00,0,2,100,7.3,2023-06-18 09:33:00,97
UU,19/06/2023,2023-06-19,23.4,27.3,15:36:00,18.9,4:32:00,76,99,3:19:00,46,12:40:00,1011.5,1014.2,2023-06-19 08:19:00,1009.3,2023-06-19 16:36:00,0,2.6,356,8,2023-06-19 14:42:00,68
UU,20/06/2023,2023-06-20,24.2,26.8,17:06:00,21,4:08:00,87,100,23:30:00,72,9:21:00,1011.3,1013.5,2023-06-20 21:56:00,1009.3,2023-06-20 03:23:00,0,2.2,101,6.8,2023-06-20 10:14:00,98
UU,21/06/2023,2023-06-21,24.4,27.7,14:18:00,20.5,23:58:00,85,100,23:54:00,65,19:29:00,1012.7,1015.2,2023-06-21 23:43:00,1010.8,2023-06-21 02:53:00,2,2,7,9.3,2023-06-21 19:22:00,239
UU,22/06/2023,2023-06-22,25.1,30.1,11:47:00,20.5,0:00:00,71,100,2:30:00,38,11:40:00,1017.3,1021.8,2023-06-22 23:56:00,1012.7,2023-06-22 01:34:00,1.3,3.1,245,9.1,2023-06-22 15:23:00,170
UU,23/06/2023,2023-06-23,25.1,28.6,8:54:00,21.6,5:15:00,79,100,23:58:00,52,8:55:00,1021.4,1023.4,2023-06-23 07:12:00,1019.3,2023-06-23 18:37:00,0,4.5,151,12.5,2023-06-23 14:33:00,176
UU,24/06/2023,2023-06-24,24.8,28,13:21:00,20.6,5:04:00,85,100,23:30:00,59,16:04:00,1017.9,1019.9,2023-06-24 00:00:00,1015.6,2023-06-24 17:02:00,0,4,160,11.3,2023-06-24 17:37:00,168
UU,25/06/2023,2023-06-25,25.7,28.7,14:15:00,23.2,5:02:00,87,100,23:30:00,68,16:52:00,1016.9,1018.6,2023-06-25 22:56:00,1015.5,2023-06-25 16:38:00,0,3.1,97,9.4,2023-06-25 14:59:00,154
UU,26/06/2023,2023-06-26,25.9,29.8,10:05:00,22.6,4:39:00,86,100,23:30:00,56,10:03:00,1017.5,1018.4,2023-06-26 09:30:00,1016.1,2023-06-26 17:21:00,0,3.1,159,9.3,2023-06-26 18:13:00,172
UU,27/06/2023,2023-06-27,25.8,29.1,9:06:00,22.1,3:09:00,82,100,23:30:00,51,9:03:00,1016.6,1018.3,2023-06-27 08:54:00,1014.9,2023-06-27 20:07:00,0,2.5,98,6.8,2023-06-27 13:44:00,157
UU,28/06/2023,2023-06-28,25.7,29.1,12:30:00,22.8,5:20:00,84,100,23:35:00,58,11:44:00,1014.6,1015.8,2023-06-28 09:00:00,1013.2,2023-06-28 17:13:00,0,2.5,119,7.2,2023-06-28 16:27:00,160
UU,29/06/2023,2023-06-29,25.4,28.9,10:34:00,23.2,19:45:00,83,100,20:30:00,57,23:39:00,1014.7,1016.7,2023-06-29 23:15:00,1011.5,2023-06-29 17:30:00,2.6,2.7,102,11.1,2023-06-29 17:27:00,156
UU,30/06/2023,2023-06-30,24.7,28.8,14:35:00,21.6,5:36:00,48,62,7:00:00,34,18:22:00,1016.3,1017.3,2023-06-30 11:33:00,1014.8,2023-06-30 17:30:00,0,3.9,316,11.8,2023-06-30 07:43:00,311
UU,01/07/2023,2023-07-01,23.6,27.3,13:10:00,20.3,4:06:00,62,100,22:30:00,45,9:17:00,1015.6,1017.2,2023-07-01 08:06:00,1013.7,2023-07-01 18:52:00,0,3.9,255,12.4,2023-07-01 16:11:00,183
UU,02/07/2023,2023-07-02,25.5,28.9,8:31:00,20.7,4:45:00,68,100,23:30:00,42,8:36:00,1015.3,1016.6,2023-07-02 23:59:00,1014.1,2023-07-02 18:53:00,0,3.9,145,10.3,2023-07-02 16:15:00,178
UU,03/07/2023,2023-07-03,24.3,27.7,11:32:00,22.4,23:57:00,90,100,23:30:00,57,7:16:00,1016.5,1017.7,2023-07-03 14:35:00,1014.9,2023-07-03 19:07:00,0.4,2.4,113,8.1,2023-07-03 17:38:00,191
UU,04/07/2023,2023-07-04,24.6,28,13:01:00,21.4,4:32:00,91,100,23:30:00,69,13:00:00,1015.7,1016.7,2023-07-04 22:30:00,1014.8,2023-07-04 17:12:00,0,2.1,184,5.8,2023-07-04 13:40:00,143
UU,05/07/2023,2023-07-05,24.9,29.2,11:16:00,22.1,6:16:00,83,100,23:30:00,43,10:40:00,1016.6,1018.2,2023-07-05 10:15:00,1014.7,2023-07-05 21:45:00,1.7,2,75,7.3,2023-07-05 14:59:00,107
UU,06/07/2023,2023-07-06,24.8,27.4,16:36:00,23.1,23:59:00,96,100,23:30:00,82,16:13:00,1014.8,1016,2023-07-06 20:52:00,1013.4,2023-07-06 14:46:00,0.5,3.8,71,9.4,2023-07-06 06:53:00,77
UU,07/07/2023,2023-07-07,24.5,28.3,15:29:00,21.3,4:44:00,88,100,23:30:00,61,16:53:00,1014.9,1016.3,2023-07-07 11:48:00,1013.8,2023-07-07 17:04:00,0,1.6,11,5.9,2023-07-07 09:53:00,47
UU,08/07/2023,2023-07-08,25.6,29.2,9:37:00,21.6,4:30:00,83,100,23:30:00,61,11:35:00,1016.2,1018,2023-07-08 22:31:00,1014.1,2023-07-08 01:00:00,0,2.3,137,7,2023-07-08 12:05:00,142
UU,09/07/2023,2023-07-09,25.9,29.3,14:41:00,21.4,4:39:00,87,100,23:30:00,61,10:09:00,1018.5,1020.5,2023-07-09 23:52:00,1016.7,2023-07-09 03:32:00,0,1.9,87,5.6,2023-07-09 11:40:00,130
UU,10/07/2023,2023-07-10,26.9,30.7,10:13:00,23.8,1:37:00,86,100,23:30:00,62,10:12:00,1019.5,1021.4,2023-07-10 10:37:00,1017.1,2023-07-10 22:10:00,0,1.9,100,5.7,2023-07-10 11:40:00,136
UU,11/07/2023,2023-07-11,26.9,30.1,13:10:00,24.3,5:08:00,92,100,23:30:00,74,14:43:00,1014.4,1017.9,2023-07-11 00:00:00,1010.3,2023-07-11 16:26:00,0,2.2,107,10.5,2023-07-11 16:23:00,106
UU,12/07/2023,2023-07-12,26.6,29.6,9:43:00,23.8,4:53:00,84,100,23:30:00,52,8:57:00,1014,1015.8,2023-07-12 23:57:00,1012.3,2023-07-12 04:20:00,0,2.5,67,9.7,2023-07-12 05:39:00,37
UU,13/07/2023,2023-07-13,25.9,28.5,12:16:00,22.9,4:22:00,86,100,23:30:00,63,7:33:00,1017.5,1019.2,2023-07-13 10:23:00,1015.6,2023-07-13 00:14:00,0,3,181,9.1,2023-07-13 12:27:00,185
UU,14/07/2023,2023-07-14,26.4,28.9,13:41:00,23.6,5:00:00,88,100,23:30:00,64,12:14:00,1015.1,1017.5,2023-07-14 00:00:00,1012.8,2023-07-14 19:03:00,0,3.8,165,11.3,2023-07-14 15:12:00,162
UU,15/07/2023,2023-07-15,26.6,29.2,13:57:00,24,2:38:00,92,100,23:30:00,73,15:47:00,1011.8,1013.5,2023-07-15 23:53:00,1010.7,2023-07-15 17:46:00,0,2.4,138,7,2023-07-15 14:38:00,145
UU,16/07/2023,2023-07-16,25.1,28.7,12:33:00,22.7,2:35:00,82,100,23:30:00,54,4:01:00,1015.6,1017.3,2023-07-16 11:18:00,1013.5,2023-07-16 00:00:00,0,1.5,71,5,2023-07-16 04:00:00,320
UU,17/07/2023,2023-07-17,26.6,30,13:00:00,24.1,1:32:00,91,100,23:30:00,70,13:01:00,1017.8,1019.3,2023-07-17 11:05:00,1016.4,2023-07-17 01:55:00,0,2.3,90,6.4,2023-07-17 07:01:00,39
UU,18/07/2023,2023-07-18,27,30.2,9:01:00,24.7,0:00:00,92,100,23:30:00,70,9:01:00,1016.3,1018.4,2023-07-18 01:16:00,1013.5,2023-07-18 23:33:00,0,2.3,112,6.1,2023-07-18 23:32:00,85
UU,19/07/2023,2023-07-19,28.1,33.5,11:52:00,25.5,4:55:00,86,100,23:30:00,49,9:42:00,1014.6,1016.1,2023-07-19 08:08:00,1012.7,2023-07-19 17:13:00,0,1.8,80,5.3,2023-07-19 06:10:00,45
UU,20/07/2023,2023-07-20,26.8,29.2,13:27:00,24.1,5:21:00,85,100,23:30:00,62,9:30:00,1012,1014.4,2023-07-20 09:34:00,1009.1,2023-07-20 21:39:00,0,2,72,5.9,2023-07-20 11:45:00,93
UU,21/07/2023,2023-07-21,26.1,31.3,9:59:00,23.3,22:45:00,73,100,23:30:00,36,10:13:00,1012.3,1015.5,2023-07-21 23:32:00,1009.9,2023-07-21 01:01:00,5.6,2.5,18,7.8,2023-07-21 14:05:00,113
UU,22/07/2023,2023-07-22,25.2,28.6,12:48:00,21.6,5:12:00,83,100,23:30:00,54,9:38:00,1016.4,1018.1,2023-07-22 10:51:00,1014.6,2023-07-22 02:37:00,0,1.9,78,6.1,2023-07-22 14:11:00,121
UU,23/07/2023,2023-07-23,26.7,29.2,12:22:00,24.5,3:43:00,96,100,23:30:00,83,13:10:00,1013.4,1016.9,2023-07-23 00:00:00,1009.3,2023-07-23 21:52:00,0,2.6,116,6.8,2023-07-23 15:51:00,145
UU,24/07/2023,2023-07-24,27.7,32.3,10:36:00,25,0:15:00,87,100,22:30:00,46,10:40:00,1008.1,1010.2,2023-07-24 23:53:00,1005.5,2023-07-24 17:21:00,0,2.2,88,9.2,2023-07-24 12:45:00,141
UU,25/07/2023,2023-07-25,25.9,30.4,16:54:00,21.7,5:14:00,44,58,5:13:00,30,13:55:00,1012.5,1016,2023-07-25 23:49:00,1010.1,2023-07-25 01:36:00,0,3.7,305,11.8,2023-07-25 05:33:00,310
UU,26/07/2023,2023-07-26,24.5,29.7,10:47:00,21.5,4:16:00,61,100,23:33:00,33,10:42:00,1016.3,1017.5,2023-07-26 09:35:00,1015.4,2023-07-26 17:30:00,0,3.4,186,10.4,2023-07-26 04:00:00,312
UU,27/07/2023,2023-07-27,25.2,28.8,12:31:00,21.5,5:00:00,88,100,23:30:00,73,8:15:00,1014.1,1016.7,2023-07-27 00:00:00,1011.1,2023-07-27 19:30:00,0.4,2.8,151,10.7,2023-07-27 14:23:00,166
UU,28/07/2023,2023-07-28,25.5,29.3,11:53:00,21.6,3:35:00,89,100,23:30:00,70,12:15:00,1013.8,1015.1,2023-07-28 10:23:00,1012.5,2023-07-28 16:47:00,0,2.4,155,6.5,2023-07-28 13:11:00,135
UU,29/07/2023,2023-07-29,26.6,29.6,12:36:00,23.5,4:30:00,90,100,23:30:00,72,8:56:00,1013.1,1014.5,2023-07-29 23:31:00,1011.7,2023-07-29 17:34:00,0,2.5,150,8.2,2023-07-29 14:52:00,154
UU,30/07/2023,2023-07-30,27,30.9,10:17:00,23.7,5:40:00,84,100,23:30:00,49,9:48:00,1016.6,1017.8,2023-07-30 23:01:00,1013.8,2023-07-30 00:07:00,0,2.2,83,7,2023-07-30 14:22:00,107
UU,31/07/2023,2023-07-31,27,29.5,15:32:00,24.5,23:58:00,90,100,23:30:00,60,8:56:00,1015.4,1017.7,2023-07-31 00:00:00,1012.9,2023-07-31 23:33:00,0,2.3,135,6.9,2023-07-31 13:20:00,138
UU,01/08/2023,2023-08-01,27.6,33.3,10:52:00,23.6,4:20:00,79,100,23:30:00,27,10:48:00,1011.5,1013.1,2023-08-01 07:31:00,1009.6,2023-08-01 17:46:00,0,2.5,232,9.8,2023-08-01 16:35:00,185
UU,02/08/2023,2023-08-02,27.4,30.6,13:53:00,23,5:17:00,91,100,23:30:00,73,11:02:00,1008.9,1011.2,2023-08-02 00:40:00,1006.1,2023-08-02 17:43:00,0,2.4,93,8.2,2023-08-02 12:35:00,130
UU,03/08/2023,2023-08-03,26.2,31.9,14:43:00,22.4,23:59:00,53,100,0:30:00,30,15:04:00,1011.3,1014.7,2023-08-03 22:11:00,1007.9,2023-08-03 00:33:00,0,3.5,325,12.7,2023-08-03 04:56:00,331
UU,04/08/2023,2023-08-04,23.7,28.1,14:18:00,18.2,4:21:00,44,64,4:21:00,33,17:04:00,1016,1019.6,2023-08-04 22:53:00,1013.7,2023-08-04 02:48:00,0,5.4,309,14.7,2023-08-04 17:51:00,311
UU,05/08/2023,2023-08-05,23.9,29.5,12:21:00,18.3,4:35:00,52,94,20:18:00,22,12:17:00,1016.3,1019.5,2023-08-05 00:04:00,1013.8,2023-08-05 17:45:00,0,4.7,285,14,2023-08-05 01:25:00,329
UU,06/08/2023,2023-08-06,25.9,33.1,14:34:00,20.5,23:56:00,56,100,23:43:00,19,14:47:00,1016.2,1018.6,2023-08-06 23:47:00,1014.5,2023-08-06 14:31:00,0,3.1,352,11.3,2023-08-06 03:10:00,309
UU,07/08/2023,2023-08-07,23.3,26.5,10:31:00,19,1:07:00,72,100,1:00:00,35,8:42:00,1018.9,1020.5,2023-08-07 09:38:00,1017.5,2023-08-07 23:58:00,0,2.6,155,7.9,2023-08-07 13:13:00,140
UU,08/08/2023,2023-08-08,25.2,28.1,13:05:00,22.2,5:02:00,89,100,23:30:00,72,10:55:00,1016.9,1018,2023-08-08 10:13:00,1015.7,2023-08-08 17:33:00,0,3.7,178,10.1,2023-08-08 13:39:00,178
UU,09/08/2023,2023-08-09,25.4,28.7,13:31:00,21.7,4:08:00,89,100,23:30:00,71,13:35:00,1017.3,1019.5,2023-08-09 22:28:00,1016.4,2023-08-09 18:06:00,0.2,3.3,162,9.1,2023-08-09 14:07:00,153
UU,10/08/2023,2023-08-10,26.6,30.5,11:19:00,23.2,4:38:00,93,100,23:30:00,78,10:13:00,1016.9,1020,2023-08-10 22:00:00,1015.1,2023-08-10 06:30:00,0,2.1,54,7.5,2023-08-10 15:40:00,37
UU,11/08/2023,2023-08-11,26.5,30.6,11:29:00,22.9,5:33:00,83,100,23:30:00,52,10:55:00,1020.1,1021.2,2023-08-11 09:44:00,1019,2023-08-11 17:45:00,0.1,2.9,194,8.6,2023-08-11 16:32:00,179
UU,12/08/2023,2023-08-12,26.1,29.1,15:44:00,22.8,5:26:00,91,100,23:30:00,67,16:03:00,1018.7,1019.9,2023-08-12 10:09:00,1017.2,2023-08-12 16:30:00,0,2.6,118,7.5,2023-08-12 13:20:00,141
UU,13/08/2023,2023-08-13,26.4,29.4,12:08:00,23.4,4:30:00,88,100,23:30:00,66,13:43:00,1016.5,1018.1,2023-08-13 08:36:00,1014.5,2023-08-13 17:44:00,0,2.6,128,6.7,2023-08-13 14:35:00,124
UU,14/08/2023,2023-08-14,26.1,29.5,11:40:00,23,3:15:00,89,100,23:30:00,65,10:51:00,1014.6,1015.2,2023-08-14 10:01:00,1013.9,2023-08-14 01:43:00,0,2.6,129,8.3,2023-08-14 13:08:00,138
UU,15/08/2023,2023-08-15,26.9,30.8,15:09:00,23.8,5:13:00,84,100,23:30:00,49,15:24:00,1014.9,1016,2023-08-15 10:15:00,1014,2023-08-15 17:31:00,0,1.9,96,6.9,2023-08-15 13:38:00,105
UU,16/08/2023,2023-08-16,26.7,30.9,13:42:00,24,1:41:00,89,100,23:30:00,59,15:44:00,1014.3,1015.5,2023-08-16 10:04:00,1012.5,2023-08-16 18:17:00,0,2,26,6.4,2023-08-16 18:18:00,53
UU,17/08/2023,2023-08-17,26.9,30.6,14:31:00,24.5,4:34:00,87,100,23:30:00,62,14:18:00,1013,1014.3,2023-08-17 09:00:00,1011.3,2023-08-17 17:19:00,0,2.1,26,7,2023-08-17 09:34:00,39
UU,18/08/2023,2023-08-18,26.6,30.4,11:29:00,23.8,4:33:00,91,100,23:30:00,70,11:30:00,1013,1013.7,2023-08-18 08:01:00,1012.1,2023-08-18 04:14:00,0,2,85,6.3,2023-08-18 13:17:00,133
UU,19/08/2023,2023-08-19,27.4,31,11:24:00,24.2,2:01:00,89,100,23:30:00,68,11:22:00,1016,1018.2,2023-08-19 22:03:00,1013.4,2023-08-19 00:41:00,0,1.7,72,6.1,2023-08-19 11:54:00,123
UU,20/08/2023,2023-08-20,27.9,31.7,11:32:00,24.6,22:45:00,87,100,23:30:00,63,13:24:00,1018.4,1019.6,2023-08-20 21:30:00,1017.5,2023-08-20 03:45:00,0,1.6,140,5.7,2023-08-20 14:04:00,131
UU,21/08/2023,2023-08-21,28.1,33.5,11:40:00,23.4,5:33:00,83,100,23:30:00,50,13:40:00,1018.5,1019.5,2023-08-21 11:02:00,1017.1,2023-08-21 17:17:00,0,1.8,168,4.6,2023-08-21 15:31:00,152
UU,22/08/2023,2023-08-22,27.8,33.1,10:32:00,23,5:24:00,78,100,23:30:00,45,8:48:00,1017.2,1018.2,2023-08-22 08:31:00,1016,2023-08-22 23:59:00,0,2.4,211,7.3,2023-08-22 15:34:00,172
UU,23/08/2023,2023-08-23,28.2,33.3,13:34:00,23.5,3:03:00,76,100,22:09:00,46,13:36:00,1014.8,1016,2023-08-23 00:00:00,1013.5,2023-08-23 16:30:00,0,2.7,235,8.2,2023-08-23 13:35:00,174
UU,24/08/2023,2023-08-24,28.1,32.7,13:02:00,23.5,5:26:00,77,100,23:00:00,52,15:22:00,1013.7,1015,2023-08-24 10:00:00,1012.5,2023-08-24 18:26:00,0,3.4,193,9,2023-08-24 15:20:00,164
UU,25/08/2023,2023-08-25,27.4,31.1,11:14:00,23.7,1:28:00,88,100,23:30:00,69,10:47:00,1012.5,1013.4,2023-08-25 10:05:00,1011.4,2023-08-25 17:32:00,0,2.4,138,6.9,2023-08-25 13:30:00,135
UU,26/08/2023,2023-08-26,25.3,30.3,13:02:00,21.3,15:48:00,89,100,23:00:00,53,8:17:00,1011.3,1013.4,2023-08-26 08:55:00,1008.3,2023-08-26 23:53:00,27.3,2.2,340,14.3,2023-08-26 15:06:00,291
UU,27/08/2023,2023-08-27,21.3,26.3,13:03:00,18.5,5:00:00,62,100,2:00:00,41,13:06:00,1010.2,1014.4,2023-08-27 22:47:00,1006.4,2023-08-27 09:04:00,1.9,4.9,307,18.2,2023-08-27 08:35:00,296
UU,28/08/2023,2023-08-28,23.3,26.7,15:04:00,19.2,3:34:00,49,62,6:10:00,38,17:22:00,1012.6,1014.8,2023-08-28 06:11:00,1009.9,2023-08-28 19:00:00,0,6.3,301,19.4,2023-08-28 19:41:00,292
UU,29/08/2023,2023-08-29,23.9,28.9,13:23:00,20.5,5:33:00,45,59,3:08:00,30,15:36:00,1011.2,1012.8,2023-08-29 09:30:00,1009.7,2023-08-29 17:50:00,0,4.2,310,14.5,2023-08-29 01:51:00,307
UU,30/08/2023,2023-08-30,22.8,28.9,15:19:00,18,23:03:00,60,100,23:48:00,36,15:14:00,1011.4,1014.5,2023-08-30 23:59:00,1009.7,2023-08-30 03:02:00,0,3.3,309,11.7,2023-08-30 06:22:00,322
UU,31/08/2023,2023-08-31,22.6,26.9,10:30:00,15.9,5:03:00,71,100,23:00:00,30,9:06:00,1016.4,1017.8,2023-08-31 09:52:00,1014.4,2023-08-31 00:58:00,0,2.8,196,9.2,2023-08-31 15:06:00,167
UU,01/09/2023,2023-09-01,24,28,12:37:00,19.8,3:11:00,89,100,23:30:00,70,13:37:00,1016.1,1017.4,2023-09-01 09:08:00,1014.6,2023-09-01 15:14:00,0,2.9,153,9.4,2023-09-01 15:15:00,144
UU,02/09/2023,2023-09-02,21.9,25.9,9:33:00,16.9,14:19:00,97,100,23:30:00,75,9:35:00,1015.1,1016.9,2023-09-02 14:05:00,1013.6,2023-09-02 03:30:00,39.1,2.6,21,11.4,2023-09-02 12:37:00,88
UU,03/09/2023,2023-09-03,23.7,27,13:06:00,19.6,6:58:00,82,100,9:39:00,56,12:37:00,1016.6,1018.2,2023-09-03 10:18:00,1015,2023-09-03 04:30:00,48.8,5.2,42,15.3,2023-09-03 14:06:00,69
UU,04/09/2023,2023-09-04,25.2,27.2,8:18:00,23.2,6:21:00,78,100,23:52:00,54,7:49:00,1015.6,1016.7,2023-09-04 09:44:00,1014.2,2023-09-04 18:30:00,0,4,50,10.6,2023-09-04 10:09:00,73
UU,05/09/2023,2023-09-05,24.8,28,13:50:00,22,5:45:00,89,100,23:30:00,66,7:49:00,1016.5,1017.7,2023-09-05 23:59:00,1015.4,2023-09-05 15:32:00,0,2.2,19,7.6,2023-09-05 01:48:00,59
UU,06/09/2023,2023-09-06,24.1,28.1,13:08:00,20.9,23:02:00,89,100,23:30:00,64,13:32:00,1018.1,1019.3,2023-09-06 09:00:00,1017.1,2023-09-06 17:10:00,0,1.8,45,6.1,2023-09-06 10:34:00,66
UU,07/09/2023,2023-09-07,23.2,27.7,10:28:00,20.1,5:51:00,88,100,23:30:00,61,10:57:00,1018,1019.1,2023-09-07 09:13:00,1017.3,2023-09-07 17:36:00,0.1,1.8,84,7.9,2023-09-07 12:19:00,127
UU,08/09/2023,2023-09-08,23.3,27.3,12:44:00,18.9,1:55:00,89,100,23:30:00,66,10:04:00,1017.5,1018.6,2023-09-08 10:33:00,1016.5,2023-09-08 18:00:00,0,1.9,95,6.6,2023-09-08 10:49:00,116
UU,09/09/2023,2023-09-09,23.6,27.9,11:08:00,19.9,4:43:00,90,100,23:30:00,63,11:29:00,1017,1017.9,2023-09-09 21:28:00,1016.2,2023-09-09 05:04:00,0,2.1,90,8.2,2023-09-09 14:51:00,150
UU,10/09/2023,2023-09-10,23.6,27.9,12:49:00,20.1,3:36:00,90,100,23:30:00,67,12:36:00,1017.1,1018.4,2023-09-10 10:10:00,1016.2,2023-09-10 18:14:00,0,1.9,132,7.5,2023-09-10 12:25:00,107
UU,11/09/2023,2023-09-11,23.7,27.6,13:46:00,20.4,5:30:00,90,100,23:30:00,68,13:29:00,1014.5,1016.4,2023-09-11 00:00:00,1013,2023-09-11 22:44:00,0,2.3,138,7.3,2023-09-11 13:03:00,146
UU,12/09/2023,2023-09-12,24.1,30.2,13:53:00,20.4,23:19:00,87,100,23:30:00,47,13:59:00,1014,1016,2023-09-12 22:05:00,1012.3,2023-09-12 16:47:00,0.9,1.8,263,6.1,2023-09-12 12:58:00,101
UU,13/09/2023,2023-09-13,23.4,28.1,13:04:00,18.3,5:57:00,78,100,6:00:00,46,10:21:00,1017.8,1019.5,2023-09-13 22:13:00,1015.6,2023-09-13 01:23:00,0,1.9,55,7.5,2023-09-13 13:54:00,129
UU,14/09/2023,2023-09-14,23.4,27.8,10:17:00,20.6,4:30:00,82,96,21:28:00,58,10:52:00,1017.8,1019.4,2023-09-14 09:00:00,1016.1,2023-09-14 17:04:00,0,2.2,221,8.5,2023-09-14 14:26:00,149
UU,15/09/2023,2023-09-15,20.3,23,8:13:00,17.7,10:55:00,94,99,13:00:00,78,16:56:00,1013.5,1016.7,2023-09-15 00:31:00,1010.8,2023-09-15 13:00:00,90.2,1.6,332,11.4,2023-09-15 10:14:00,58
UU,16/09/2023,2023-09-16,23,27.1,14:03:00,19.5,4:14:00,88,97,23:23:00,69,14:00:00,1012,1013.2,2023-09-16 22:50:00,1010.7,2023-09-16 02:03:00,0,2,353,6.1,2023-09-16 14:34:00,126
UU,17/09/2023,2023-09-17,23.9,27.9,11:37:00,20.4,5:19:00,87,97,0:31:00,67,11:30:00,1012,1013.8,2023-09-17 21:49:00,1009.3,2023-09-17 18:03:00,0,2.2,278,7,2023-09-17 20:23:00,182
UU,18/09/2023,2023-09-18,23.9,28.9,12:32:00,19.1,23:18:00,69,94,23:19:00,37,12:33:00,1015,1017.7,2023-09-18 23:47:00,1012.3,2023-09-18 02:01:00,0.5,1.8,281,6.8,2023-09-18 14:51:00,190
UU,19/09/2023,2023-09-19,21.1,25.4,11:34:00,18.4,6:03:00,85,98,19:00:00,58,11:27:00,1017.4,1019.5,2023-09-19 09:15:00,1014.5,2023-09-19 23:14:00,18.4,1.8,288,7.1,2023-09-19 11:58:00,112
UU,20/09/2023,2023-09-20,21.4,25.5,14:05:00,18.9,23:48:00,86,98,4:20:00,62,14:12:00,1011.8,1015.7,2023-09-20 00:10:00,1009.2,2023-09-20 23:59:00,0,2.4,248,8.9,2023-09-20 01:35:00,45
UU,21/09/2023,2023-09-21,21.9,28.7,14:07:00,17.3,5:30:00,72,96,5:03:00,39,14:11:00,1006.3,1009.2,2023-09-21 00:00:00,1003.6,2023-09-21 15:30:00,0,2.4,277,10.7,2023-09-21 21:58:00,328
UU,22/09/2023,2023-09-22,20.6,25.1,14:02:00,14.8,23:43:00,54,88,20:28:00,30,16:13:00,1011.3,1016.3,2023-09-22 23:51:00,1007.2,2023-09-22 02:12:00,0,3.1,309,9.2,2023-09-22 08:20:00,322
UU,23/09/2023,2023-09-23,20.5,26.7,14:52:00,15.3,5:49:00,56,84,19:37:00,30,14:51:00,1019,1021.8,2023-09-23 23:00:00,1015.8,2023-09-23 04:37:00,0,2.6,296,10.3,2023-09-23 04:53:00,297
UU,24/09/2023,2023-09-24,20,25.6,13:24:00,14.3,5:47:00,73,91,22:50:00,52,10:00:00,1020.9,1022.6,2023-09-24 09:01:00,1019.2,2023-09-24 17:04:00,0,2.8,235,8.8,2023-09-24 15:13:00,183
UU,25/09/2023,2023-09-25,20.8,26.4,12:38:00,16.3,6:02:00,82,98,23:00:00,62,11:02:00,1020.6,1021.7,2023-09-25 09:30:00,1019.3,2023-09-25 03:14:00,0,2,122,5.9,2023-09-25 12:41:00,167
UU,26/09/2023,2023-09-26,21.5,25.9,12:46:00,17.1,4:09:00,84,98,23:17:00,60,10:52:00,1020.3,1021.2,2023-09-26 00:03:00,1019.2,2023-09-26 16:31:00,0.1,2.1,165,7.7,2023-09-26 12:57:00,155
UU,27/09/2023,2023-09-27,21.7,26.2,13:02:00,17.7,6:00:00,84,99,1:01:00,65,13:17:00,1019.2,1020.7,2023-09-27 10:10:00,1017.7,2023-09-27 18:30:00,0,3,213,8.8,2023-09-27 15:38:00,174
UU,28/09/2023,2023-09-28,21.9,26.6,13:33:00,17.9,6:00:00,85,97,6:00:00,66,13:07:00,1019.2,1020.3,2023-09-28 23:59:00,1018.3,2023-09-28 17:04:00,0,2.9,229,8.7,2023-09-28 15:09:00,166
UU,29/09/2023,2023-09-29,22.3,27.2,12:35:00,18.3,6:15:00,86,98,20:46:00,66,10:28:00,1022.3,1023.7,2023-09-29 23:56:00,1020.1,2023-09-29 02:00:00,0,1.9,248,5.1,2023-09-29 13:02:00,135
UU,30/09/2023,2023-09-30,22.9,29.1,13:10:00,18.6,5:30:00,80,96,0:31:00,55,13:15:00,1023.1,1024.8,2023-09-30 10:00:00,1022.1,2023-09-30 17:10:00,0,2.6,233,7.8,2023-09-30 16:34:00,167
UU,01/10/2023,2023-10-01,22.9,28.6,12:30:00,18,4:51:00,85,97,22:12:00,62,11:50:00,1022.3,1023.4,2023-10-01 10:37:00,1021.2,2023-10-01 16:08:00,0.1,2,6,5.4,2023-10-01 14:27:00,120
UU,02/10/2023,2023-10-02,23.7,27.6,13:13:00,20.9,23:15:00,86,98,23:36:00,62,14:15:00,1022.6,1023.9,2023-10-02 09:11:00,1021.7,2023-10-02 16:12:00,0,2.1,95,6.8,2023-10-02 13:12:00,137
UU,03/10/2023,2023-10-03,23.3,27.5,13:24:00,19.4,6:05:00,87,99,4:38:00,65,10:45:00,1023.7,1026.4,2023-10-03 22:00:00,1021.6,2023-10-03 04:02:00,0.1,1.9,96,6.9,2023-10-03 13:50:00,154
UU,04/10/2023,2023-10-04,23.8,27.5,10:44:00,21,4:34:00,83,98,5:06:00,60,10:44:00,1025.1,1027.1,2023-10-04 09:32:00,1023.7,2023-10-04 17:42:00,0,2.5,208,8.1,2023-10-04 13:59:00,166
UU,05/10/2023,2023-10-05,22.7,27.5,12:56:00,18.9,6:08:00,85,98,23:59:00,61,11:03:00,1024,1025.5,2023-10-05 10:08:00,1022.8,2023-10-05 16:46:00,0,2,210,6.2,2023-10-05 12:41:00,131
UU,06/10/2023,2023-10-06,22.4,26.7,11:46:00,18.9,6:30:00,88,98,6:12:00,69,11:33:00,1024,1025.2,2023-10-06 09:46:00,1023,2023-10-06 16:30:00,0,2.2,230,6.8,2023-10-06 16:11:00,173
UU,07/10/2023,2023-10-07,22.6,27.4,12:00:00,19.1,22:55:00,86,99,23:30:00,62,11:55:00,1024.2,1025.4,2023-10-07 10:00:00,1023.3,2023-10-07 03:30:00,0,1.4,274,5.8,2023-10-07 13:50:00,125
UU,08/10/2023,2023-10-08,23.1,27.5,12:31:00,19.4,22:43:00,82,98,21:25:00,60,12:42:00,1024.3,1025.3,2023-10-08 21:30:00,1023.4,2023-10-08 03:38:00,0,1.6,275,6.9,2023-10-08 13:42:00,164
UU,09/10/2023,2023-10-09,21.2,25.9,13:20:00,18.1,3:35:00,83,95,0:12:00,64,11:35:00,1024.1,1025.7,2023-10-09 09:46:00,1022.8,2023-10-09 17:44:00,0,2.8,246,8.7,2023-10-09 15:15:00,168
UU,10/10/2023,2023-10-10,20.2,26.1,12:43:00,15.3,6:21:00,83,98,21:00:00,60,10:45:00,1022.4,1023.5,2023-10-10 00:52:00,1021.2,2023-10-10 16:30:00,0.1,2.9,248,9,2023-10-10 14:48:00,180
UU,11/10/2023,2023-10-11,20.3,25.8,12:08:00,15.6,6:31:00,84,97,22:07:00,60,10:40:00,1021.5,1022.8,2023-10-11 09:06:00,1020.4,2023-10-11 16:42:00,0,2.7,250,8.1,2023-10-11 13:09:00,157
UU,12/10/2023,2023-10-12,20.4,25.7,13:03:00,15.6,6:31:00,86,98,23:15:00,65,10:47:00,1021,1022.4,2023-10-12 09:33:00,1019.9,2023-10-12 16:02:00,0.1,2.7,257,8,2023-10-12 13:43:00,164
UU,13/10/2023,2023-10-13,20.5,25.2,13:32:00,15.3,6:25:00,86,97,7:00:00,66,14:13:00,1019,1020.6,2023-10-13 01:04:00,1017.4,2023-10-13 17:09:00,0.1,3,246,9,2023-10-13 12:25:00,176
UU,14/10/2023,2023-10-14,22.7,28.8,13:57:00,17.5,2:06:00,72,98,2:12:00,36,13:17:00,1017.9,1019.2,2023-10-14 09:32:00,1016.4,2023-10-14 03:15:00,0,1.8,11,6.4,2023-10-14 12:43:00,1
UU,15/10/2023,2023-10-15,21.9,26.1,12:47:00,19.2,5:48:00,73,92,18:22:00,46,12:40:00,1016.3,1018.1,2023-10-15 00:01:00,1013.7,2023-10-15 23:59:00,0,1.8,354,6.8,2023-10-15 13:50:00,124
UU,16/10/2023,2023-10-16,20.7,24.3,12:36:00,19,7:00:00,87,97,6:44:00,70,12:32:00,1012.1,1013.7,2023-10-16 00:00:00,1010.8,2023-10-16 14:03:00,4,1.8,1,5.8,2023-10-16 13:17:00,52
UU,17/10/2023,2023-10-17,21.2,24.6,14:53:00,18.4,3:34:00,89,97,3:46:00,74,16:24:00,1009.8,1012,2023-10-17 00:14:00,1007,2023-10-17 23:58:00,0,1.7,334,5.9,2023-10-17 16:33:00,178
UU,18/10/2023,2023-10-18,22.2,27.9,14:21:00,18.6,6:45:00,78,97,3:00:00,50,13:34:00,1004.6,1007.1,2023-10-18 00:06:00,1002.6,2023-10-18 23:44:00,0.2,1.9,255,7.4,2023-10-18 14:32:00,187
UU,19/10/2023,2023-10-19,20.1,23.5,0:45:00,16.2,20:07:00,76,92,20:06:00,49,1:29:00,995.6,1003.2,2023-10-19 00:02:00,987.2,2023-10-19 22:58:00,7.4,3,245,14.6,2023-10-19 19:58:00,306
UU,20/10/2023,2023-10-20,19.7,24.2,15:00:00,15.5,6:27:00,61,96,3:25:00,36,22:16:00,994.5,1001.6,2023-10-20 23:57:00,987.8,2023-10-20 00:13:00,0.5,3.2,273,10.3,2023-10-20 22:15:00,322
UU,21/10/2023,2023-10-21,17.5,21.4,13:06:00,13.5,22:17:00,51,82,19:21:00,33,12:52:00,1006.8,1010.8,2023-10-21 23:30:00,1001.5,2023-10-21 02:35:00,0,3.6,287,13.2,2023-10-21 03:27:00,314
UU,22/10/2023,2023-10-22,16.4,21.4,14:09:00,11.7,5:30:00,72,84,23:57:00,51,14:17:00,1009.7,1012.4,2023-10-22 09:09:00,1004.7,2023-10-22 23:58:00,0,3.1,12,6.9,2023-10-22 23:23:00,88
UU,23/10/2023,2023-10-23,20.7,25.5,12:30:00,17.1,23:52:00,79,95,7:38:00,43,12:12:00,1006.5,1009.2,2023-10-23 23:18:00,1002.4,2023-10-23 03:43:00,2.2,2.3,285,8.8,2023-10-23 03:23:00,32
UU,24/10/2023,2023-10-24,18.7,23.8,12:37:00,16.1,6:33:00,67,95,0:44:00,35,13:06:00,1010.7,1012.7,2023-10-24 10:01:00,1008.6,2023-10-24 02:40:00,1.3,2.4,275,7.7,2023-10-24 13:16:00,162
UU,25/10/2023,2023-10-25,18.5,23.1,12:56:00,13.8,6:14:00,72,94,18:30:00,51,12:53:00,1009.9,1011,2023-10-25 11:00:00,1008.8,2023-10-25 06:06:00,0,1.9,224,6.9,2023-10-25 10:44:00,163
UU,26/10/2023,2023-10-26,20.2,23.8,17:34:00,16.4,7:18:00,67,91,3:15:00,39,22:21:00,1004.8,1009.9,2023-10-26 00:01:00,999.6,2023-10-26 16:22:00,0,2.8,269,16.7,2023-10-26 17:37:00,329
UU,27/10/2023,2023-10-27,19.1,22.5,13:45:00,15.3,7:51:00,54,77,19:13:00,38,11:22:00,1007.8,1009.9,2023-10-27 21:48:00,1005.7,2023-10-27 02:52:00,0,2.9,243,10.9,2023-10-27 02:32:00,298
UU,28/10/2023,2023-10-28,18.6,23.3,14:31:00,14.1,6:06:00,67,90,20:50:00,44,21:55:00,1008.4,1010.1,2023-10-28 08:47:00,1006.7,2023-10-28 17:01:00,0,2.1,294,9.1,2023-10-28 21:42:00,253
UU,29/10/2023,2023-10-29,16.9,21.6,13:13:00,12.7,6:11:00,78,93,23:51:00,56,10:56:00,1006.8,1008.4,2023-10-29 11:00:00,1005.3,2023-10-29 16:39:00,0,2.3,272,6.8,2023-10-29 15:48:00,177
UU,30/10/2023,2023-10-30,17.5,22.5,13:39:00,13.5,21:19:00,72,94,3:41:00,37,21:43:00,1005.4,1012.3,2023-10-30 23:57:00,1002,2023-10-30 06:19:00,0.1,2.9,277,11.2,2023-10-30 15:05:00,299
UU,31/10/2023,2023-10-31,16.4,20.6,12:36:00,11.9,23:25:00,58,87,22:39:00,36,12:30:00,1015.4,1017.2,2023-10-31 10:24:00,1012.2,2023-10-31 00:00:00,0,1.9,250,8.9,2023-10-31 06:02:00,305
UU,01/11/2023,2023-11-01,14.7,21,13:21:00,10.3,6:27:00,71,88,18:44:00,36,12:56:00,1012.2,1014.6,2023-11-01 00:00:00,1007,2023-11-01 23:59:00,0,1.8,286,5.7,2023-11-01 07:37:00,266
UU,02/11/2023,2023-11-02,16.9,22.8,10:10:00,13.4,7:11:00,62,87,7:12:00,30,21:03:00,999.7,1007.1,2023-11-02 00:01:00,994.4,2023-11-02 14:47:00,0.3,4,289,23.7,2023-11-02 16:12:00,294
UU,03/11/2023,2023-11-03,15.1,20.3,12:55:00,10.7,23:44:00,50,80,23:18:00,26,2:33:00,1002.9,1006.6,2023-11-03 21:11:00,1000.3,2023-11-03 13:03:00,0.7,4,270,16,2023-11-03 00:34:00,262
UU,04/11/2023,2023-11-04,16.1,22.1,16:09:00,9.7,2:01:00,67,90,2:00:00,36,23:42:00,998.6,1005.9,2023-11-04 00:12:00,992.5,2023-11-04 16:23:00,0,3.5,278,15.1,2023-11-04 18:35:00,195
UU,05/11/2023,2023-11-05,17.6,22.2,13:38:00,11.7,23:42:00,46,78,23:41:00,30,14:33:00,1006.6,1012.1,2023-11-05 23:56:00,998.6,2023-11-05 00:00:00,0,3,278,11.8,2023-11-05 02:37:00,302
UU,06/11/2023,2023-11-06,14.7,19.7,13:22:00,8.7,6:46:00,57,86,6:46:00,35,14:30:00,1015.7,1020,2023-11-06 23:54:00,1011.9,2023-11-06 00:06:00,0,2.4,294,11.1,2023-11-06 09:14:00,330
UU,07/11/2023,2023-11-07,12.5,17.9,11:49:00,7.3,3:57:00,64,86,20:46:00,37,11:42:00,1021.9,1023.4,2023-11-07 23:00:00,1019.8,2023-11-07 00:40:00,0,1.9,246,8.2,2023-11-07 14:56:00,180
UU,08/11/2023,2023-11-08,11.9,16.7,11:51:00,7.1,4:13:00,72,90,4:10:00,48,11:38:00,1022.5,1025.3,2023-11-08 09:06:00,1017.8,2023-11-08 23:57:00,0,2.4,249,7.5,2023-11-08 14:41:00,179
UU,09/11/2023,2023-11-09,14,19.9,14:02:00,9.8,0:38:00,69,90,5:16:00,40,15:51:00,1015.8,1017.9,2023-11-09 00:05:00,1014.2,2023-11-09 14:13:00,0.6,2.4,281,12.4,2023-11-09 11:52:00,338
UU,10/11/2023,2023-11-10,16.5,21.5,13:53:00,12,4:16:00,57,81,4:25:00,36,13:49:00,1014.7,1016.2,2023-11-10 00:03:00,1013.3,2023-11-10 14:13:00,0,2.5,276,9.9,2023-11-10 10:16:00,308
UU,11/11/2023,2023-11-11,16.5,22.5,14:22:00,13.3,23:14:00,74,93,22:44:00,54,11:41:00,1013,1014.7,2023-11-11 00:08:00,1011.9,2023-11-11 06:08:00,0,1.7,249,7.1,2023-11-11 13:30:00,332
UU,12/11/2023,2023-11-12,19.4,25.5,14:06:00,13.3,3:24:00,64,93,3:13:00,37,15:16:00,1016.6,1021.3,2023-11-12 23:00:00,1011.7,2023-11-12 00:43:00,0,2.4,245,11.2,2023-11-12 09:46:00,284
UU,13/11/2023,2023-11-13,17.3,24,12:26:00,11.9,4:30:00,74,91,20:30:00,45,12:30:00,1021.2,1022.5,2023-11-13 10:06:00,1020.2,2023-11-13 14:30:00,0,1.9,241,6.8,2023-11-13 14:11:00,186
UU,14/11/2023,2023-11-14,18.3,23.8,12:49:00,12.9,3:31:00,72,92,4:00:00,53,22:02:00,1020.7,1022.5,2023-11-14 09:28:00,1018.7,2023-11-14 15:07:00,0,2.3,245,6.9,2023-11-14 15:00:00,194
UU,15/11/2023,2023-11-15,18.7,22.3,11:15:00,14.6,22:38:00,72,97,22:43:00,49,1:59:00,1023.1,1024.5,2023-11-15 18:47:00,1020.2,2023-11-15 00:11:00,0,2.7,190,9.9,2023-11-15 02:20:00,279
UU,16/11/2023,2023-11-16,15.8,20.2,13:12:00,12.4,6:52:00,89,99,7:00:00,71,19:52:00,1021.4,1023.4,2023-11-16 00:02:00,1019.5,2023-11-16 14:38:00,0.2,2,231,7.6,2023-11-16 13:47:00,178
UU,17/11/2023,2023-11-17,17.4,22.9,11:58:00,11.9,23:54:00,70,96,23:59:00,42,11:31:00,1023.4,1026.7,2023-11-17 23:54:00,1021.6,2023-11-17 02:35:00,0,2.9,258,9.9,2023-11-17 02:15:00,286
UU,18/11/2023,2023-11-18,14.1,19.1,13:41:00,10.3,7:02:00,86,97,0:06:00,66,11:11:00,1025.9,1027.7,2023-11-18 09:03:00,1024.6,2023-11-18 23:57:00,0,2.5,255,7.2,2023-11-18 15:05:00,162
UU,19/11/2023,2023-11-19,13.8,20.9,11:37:00,10.2,7:30:00,87,99,23:30:00,54,11:27:00,1022.5,1024.6,2023-11-19 00:00:00,1021.1,2023-11-19 16:37:00,0,2.1,282,6.1,2023-11-19 14:35:00,157
UU,20/11/2023,2023-11-20,13.3,17.7,22:31:00,10.1,7:11:00,88,99,6:30:00,54,23:54:00,1018.8,1021.9,2023-11-20 00:43:00,1016,2023-11-20 23:37:00,0.2,1.8,219,11,2023-11-20 23:50:00,333
UU,21/11/2023,2023-11-21,15.3,17.8,13:03:00,13.3,23:53:00,52,58,23:53:00,46,3:01:00,1015.5,1017.4,2023-11-21 08:13:00,1013.3,2023-11-21 13:34:00,0,6.6,303,19.1,2023-11-21 11:40:00,298
UU,22/11/2023,2023-11-22,14.8,18.3,13:14:00,12.2,23:44:00,50,58,1:08:00,39,13:00:00,1017.6,1021.9,2023-11-22 23:30:00,1014.2,2023-11-22 04:05:00,0,5.7,309,15.8,2023-11-22 04:06:00,313
UU,23/11/2023,2023-11-23,12.8,18.2,15:03:00,8.1,22:13:00,49,80,22:27:00,22,14:57:00,1021.7,1024.3,2023-11-23 09:34:00,1019.1,2023-11-23 23:58:00,0,2.5,295,9.3,2023-11-23 13:00:00,326
UU,24/11/2023,2023-11-24,15.9,21.3,13:29:00,9.7,0:00:00,45,73,17:44:00,28,13:46:00,1014.3,1019.2,2023-11-24 00:00:00,1011.1,2023-11-24 23:06:00,0,2.9,306,10.4,2023-11-24 14:37:00,337
UU,25/11/2023,2023-11-25,15.2,19.4,12:07:00,10.9,23:58:00,64,92,21:51:00,42,0:11:00,1013.9,1017.4,2023-11-25 23:39:00,1010,2023-11-25 03:41:00,0,3,304,12.2,2023-11-25 08:16:00,320
UU,26/11/2023,2023-11-26,11.5,16.7,12:59:00,8.1,7:00:00,78,93,1:28:00,54,12:56:00,1017,1018.8,2023-11-26 10:01:00,1016,2023-11-26 16:10:00,0,2.1,275,5,2023-11-26 06:29:00,285
UU,27/11/2023,2023-11-27,12.8,18,23:37:00,8.5,6:00:00,71,92,17:48:00,50,23:37:00,1012.5,1016.3,2023-11-27 00:00:00,1009.3,2023-11-27 23:50:00,0,2.3,278,14.4,2023-11-27 23:52:00,282
UU,28/11/2023,2023-11-28,17.7,20.2,15:10:00,15.1,23:47:00,52,71,23:58:00,42,15:08:00,1008.1,1009.7,2023-11-28 00:11:00,1006.6,2023-11-28 03:31:00,0,5.2,294,17.4,2023-11-28 03:12:00,302
UU,29/11/2023,2023-11-29,14.5,17.8,13:15:00,11.6,23:45:00,83,96,20:13:00,67,1:32:00,1007,1009.2,2023-11-29 09:33:00,1004.3,2023-11-29 23:48:00,0,1.8,33,5.1,2023-11-29 12:16:00,55
UU,30/11/2023,2023-11-30,14.9,19.9,22:41:00,11.2,1:00:00,82,95,1:10:00,63,22:40:00,1001.2,1004.4,2023-11-30 00:00:00,997.8,2023-11-30 23:33:00,0.5,2.8,271,10.1,2023-11-30 16:34:00,187
UU,01/12/2023,2023-12-01,14.8,19.2,0:40:00,12.3,18:35:00,64,90,6:24:00,35,22:41:00,998.5,1004.8,2023-12-01 23:59:00,995.3,2023-12-01 06:13:00,0,4,292,15.6,2023-12-01 13:52:00,308
UU,02/12/2023,2023-12-02,13.5,15.8,14:08:00,11.2,23:17:00,48,54,19:55:00,35,0:38:00,1012.6,1019.3,2023-12-02 23:56:00,1004.7,2023-12-02 00:04:00,0,6,296,16.1,2023-12-02 15:27:00,299
UU,03/12/2023,2023-12-03,10.9,13.8,13:27:00,7.7,7:25:00,63,88,19:03:00,45,11:12:00,1021,1023.3,2023-12-03 10:11:00,1018.1,2023-12-03 23:59:00,0,2.6,304,11,2023-12-03 00:36:00,331
UU,04/12/2023,2023-12-04,10.5,14.3,12:37:00,8.2,2:02:00,79,92,7:04:00,55,23:23:00,1015.4,1018.1,2023-12-04 00:00:00,1013.2,2023-12-04 14:49:00,0.8,1.8,273,6.5,2023-12-04 23:20:00,292
UU,05/12/2023,2023-12-05,11.5,15.3,15:00:00,7.8,23:58:00,57,86,21:04:00,37,14:52:00,1017.3,1019.1,2023-12-05 09:24:00,1015.4,2023-12-05 00:07:00,0,2.7,296,14.3,2023-12-05 11:30:00,338
UU,06/12/2023,2023-12-06,9.5,14,13:14:00,6.3,8:01:00,73,88,23:34:00,50,11:00:00,1017.5,1020.5,2023-12-06 23:56:00,1015.2,2023-12-06 04:50:00,0,2.1,286,5.4,2023-12-06 14:45:00,146
UU,07/12/2023,2023-12-07,9.8,15.2,12:12:00,4.9,7:16:00,83,97,23:30:00,57,12:11:00,1018,1020.6,2023-12-07 00:13:00,1013.2,2023-12-07 23:06:00,4,2.8,265,6.8,2023-12-07 08:04:00,285
UU,08/12/2023,2023-12-08,13.3,16.4,14:33:00,8.8,7:20:00,65,97,7:38:00,43,14:50:00,1015,1020.2,2023-12-08 23:38:00,1012.1,2023-12-08 14:00:00,0,4.6,300,17.9,2023-12-08 13:50:00,297
UU,09/12/2023,2023-12-09,13.9,18.9,22:50:00,10.7,21:11:00,63,89,20:30:00,39,13:35:00,1020.5,1022.4,2023-12-09 09:48:00,1019,2023-12-09 14:26:00,0,2.9,226,11,2023-12-09 03:08:00,291
UU,10/12/2023,2023-12-10,16.6,20,13:03:00,11.8,21:52:00,75,98,20:39:00,57,0:04:00,1021.7,1023.8,2023-12-10 10:19:00,1019.7,2023-12-10 00:33:00,0,3,231,12.2,2023-12-10 00:27:00,326
UU,11/12/2023,2023-12-11,14.3,20.5,12:57:00,9.3,6:49:00,83,98,5:52:00,62,12:53:00,1019.1,1020.9,2023-12-11 10:09:00,1017.7,2023-12-11 14:47:00,0,1.8,230,5.7,2023-12-11 13:22:00,181
UU,12/12/2023,2023-12-12,14.6,17.9,11:56:00,12,6:54:00,76,89,6:50:00,62,20:15:00,1014.5,1018.2,2023-12-12 00:05:00,1011.5,2023-12-12 23:46:00,0,1.9,216,5.3,2023-12-12 23:37:00,219
UU,13/12/2023,2023-12-13,15.7,19.3,3:32:00,12.6,0:16:00,52,83,0:47:00,36,16:32:00,1011.8,1014.9,2023-12-13 23:58:00,1008.6,2023-12-13 02:04:00,0,5.1,292,17.3,2023-12-13 22:49:00,303
UU,14/12/2023,2023-12-14,13.7,15.8,14:15:00,12.1,7:43:00,50,56,7:42:00,43,14:06:00,1021.2,1026.8,2023-12-14 23:59:00,1014.3,2023-12-14 00:46:00,0,7.4,305,20.3,2023-12-14 03:24:00,301
UU,15/12/2023,2023-12-15,14.2,18.5,13:49:00,11.9,23:00:00,59,85,17:12:00,45,13:43:00,1031.5,1035,2023-12-15 23:47:00,1026.8,2023-12-15 00:00:00,0,4.4,297,13.7,2023-12-15 01:42:00,300
UU,16/12/2023,2023-12-16,10.4,15.4,12:53:00,6.5,23:55:00,71,93,19:13:00,49,13:37:00,1036.1,1037.7,2023-12-16 10:36:00,1034.5,2023-12-16 04:07:00,0,1.8,276,5.1,2023-12-16 22:23:00,277
UU,17/12/2023,2023-12-17,8.6,15,13:01:00,4.5,7:27:00,76,88,19:00:00,47,12:30:00,1037.5,1038.8,2023-12-17 10:00:00,1036.2,2023-12-17 15:30:00,0,2.7,281,5.7,2023-12-17 08:22:00,286
UU,18/12/2023,2023-12-18,8.8,14.8,15:42:00,4.5,3:05:00,70,85,4:53:00,49,12:30:00,1035,1037.6,2023-12-18 00:01:00,1032.6,2023-12-18 23:59:00,0,2.6,280,6.9,2023-12-18 11:30:00,289
UU,19/12/2023,2023-12-19,9.4,17,13:52:00,5.4,22:21:00,68,90,22:23:00,41,14:09:00,1028.1,1032.6,2023-12-19 00:00:00,1023,2023-12-19 23:58:00,0,2.1,278,6.8,2023-12-19 03:03:00,282
UU,20/12/2023,2023-12-20,13.6,16.7,10:10:00,7.6,0:00:00,56,86,1:31:00,42,15:33:00,1021.6,1023.5,2023-12-20 23:40:00,1020,2023-12-20 13:35:00,0,6.3,295,19.4,2023-12-20 20:15:00,301
UU,21/12/2023,2023-12-21,15,17.9,13:38:00,12.2,2:33:00,55,61,3:04:00,44,12:56:00,1022.4,1024.2,2023-12-21 10:08:00,1019.6,2023-12-21 23:45:00,0,7,303,20.7,2023-12-21 23:57:00,320
UU,22/12/2023,2023-12-22,16.4,19.3,13:47:00,14.4,23:55:00,51,55,7:35:00,44,14:42:00,1021.5,1023.8,2023-12-22 10:06:00,1018.5,2023-12-22 01:25:00,0,8.3,306,25.1,2023-12-22 01:59:00,329
UU,23/12/2023,2023-12-23,12.9,17,12:13:00,7.5,23:58:00,63,89,22:51:00,46,12:13:00,1024.2,1025.7,2023-12-23 10:30:00,1022.7,2023-12-23 00:13:00,0,3.6,272,12.4,2023-12-23 01:22:00,295
UU,24/12/2023,2023-12-24,9.4,14.9,13:14:00,5.5,2:05:00,80,92,22:07:00,56,10:47:00,1024.1,1025.6,2023-12-24 10:00:00,1022.6,2023-12-24 15:30:00,0,2.3,262,6.1,2023-12-24 14:04:00,185
UU,25/12/2023,2023-12-25,8.6,14.4,13:09:00,4,6:22:00,75,92,6:21:00,52,11:04:00,1022.2,1023.8,2023-12-25 10:10:00,1020.7,2023-12-25 15:33:00,0,2.4,293,6,2023-12-25 23:54:00,268
UU,26/12/2023,2023-12-26,8.5,15,13:30:00,5.2,3:33:00,65,77,22:27:00,47,13:18:00,1022.3,1023.9,2023-12-26 23:30:00,1020.7,2023-12-26 01:08:00,0,4.3,278,9.2,2023-12-26 22:22:00,281
UU,27/12/2023,2023-12-27,6.9,14.1,13:37:00,2.7,8:08:00,76,93,17:57:00,49,12:21:00,1023.9,1025.6,2023-12-27 23:09:00,1022.7,2023-12-27 15:30:00,0,3.7,273,8.4,2023-12-27 09:35:00,281
UU,28/12/2023,2023-12-28,6.6,12.5,14:07:00,1.8,6:52:00,69,88,6:39:00,45,13:40:00,1025.3,1027,2023-12-28 10:19:00,1024.2,2023-12-28 16:53:00,0,3.7,279,8.2,2023-12-28 22:34:00,272
UU,29/12/2023,2023-12-29,8.6,11.3,13:32:00,6.3,1:09:00,60,68,23:57:00,51,22:22:00,1022.5,1024.7,2023-12-29 00:00:00,1020.4,2023-12-29 16:46:00,0,2.9,280,7,2023-12-29 03:39:00,274
UU,30/12/2023,2023-12-30,9.5,15.5,12:35:00,5.7,6:11:00,70,91,18:56:00,44,12:20:00,1019.8,1021.9,2023-12-30 10:30:00,1017.9,2023-12-30 23:59:00,0,2.2,278,5.5,2023-12-30 09:47:00,282
UU,31/12/2023,2023-12-31,8.9,13.3,15:22:00,4.9,2:30:00,78,91,3:00:00,55,18:43:00,1015.9,1018.1,2023-12-31 23:09:00,1013.9,2023-12-31 13:42:00,0,2.2,283,7,2023-12-31 19:35:00,342
